path	decision	note
conformance/M23_write_through_shared_borrow.saw	manual	re-aimed: now tests that `borrow let` binds a read-only place, so a write through it is refused (SL:borrowing §2.1, §3); `with_ref` is retired (§9)
conformance/V68_closure_reference_parameter_is_a_borrow.saw	manual	re-aimed: now tests moving out of a closure's `&`/`&var` parameter through a user closure API; std's `with_ref`/`with_var_ref` are retired (SL:borrowing §9), user closure APIs stay
conformance/V69_borrow_capture_is_a_borrow.saw	manual	re-aimed lock face: moving out of a `borrow var c = m.lock()` binding is refused; the closure form of `Mutex.lock` is retired (SL:borrowing §8, §9); the capture faces are unchanged
conformance/V70_borrowed_closure_binding_refusal_is_tier_blind.saw	manual	re-aimed: the tier-blind refusal now reaches a Copy-tier element through a user closure API; `with_var_ref` is retired (SL:borrowing §9)
conformance/X14_push_inside_with_ref.saw	manual	re-aimed: now tests `push` inside a shared `borrow let` of an element of the same vector (SL:borrowing §3, §4); `with_ref` is retired (§9)
conformance/X33_two_windows_implicitcopy_struct.saw	manual	re-aimed: the accessor is declared `&var self ... -> &var Int`, and two `borrow var` arguments conflict on the root (SL:borrowing §2.2, §3); the use-site upgrade of a `&self` accessor is retired
errors/borrowing_struct_origin.saw	manual	migrated: the `&var self` origin row is admitted by SL:borrowing §2.6, so it is no longer a row and its expectation goes; the other rows stand
errors/borrowing_struct_value_positions.saw	manual	migrated: ROW 10 (a temporary head) is admitted by SL:borrowing §2.6, so it is no longer a row and its expectation goes; the other rows stand
errors/fold_selected_tail_is_an_ownership_transfer.saw	retired	retired: it pins the transfer judgment of a `#lend_var` fold's selected tail, and `#lend_var` is gone (SL:borrowing §4, §9); writing one is GRAMMAR's removed syntax.expr.refused-lend-var, covered by compiler/tests/parse/negative/removed.saw; conformance row K131 goes with it
errors/lend_var_in_shared_lend_accessor.saw	retired	retired: it pins where `#lend_var` is always false, and `#lend_var` is gone (SL:borrowing §4, §9); writing one anywhere is GRAMMAR's removed syntax.expr.refused-lend-var, covered by compiler/tests/parse/negative/removed.saw
errors/lend_var_outside_borrows.saw	retired	retired: it pins `#lend_var` outside a `borrows` body, and `#lend_var` is gone everywhere (SL:borrowing §4, §9); writing one is GRAMMAR's removed syntax.expr.refused-lend-var, covered by compiler/tests/parse/negative/removed.saw; conformance row P06 goes with it
errors/propagated_exclusive_only_outer_overlap.saw	retired	retired: it pins exclusive-only PROPAGATION, a mode inferred from an accessor's body, which SL:borrowing §1 and §3 retire (modes are declared); two borrows through a `&var self` accessor conflicting is errors/two_exclusive_only_windows_conflict.saw, and a shared twin beside an exclusive accessor is errors/mixed_window_modes_conflict.saw (both re-aimed)
errors/shared_lend_accessor_exclusive_window_overlap.saw	retired	retired: it pins the use-site overlap of a `&self` accessor made exclusive-only by a `&var` borrow in its body, an inference SL:borrowing §3 retires; under §9 (`&self` is read-only all the way down) that body is refused where it is written, so the overlap cannot be reached; the body refusal is the design-200 rule's ground
errors/mixed_window_modes_conflict.saw	manual	re-aimed: now tests that a borrow through a declared `@synthesize(shared)` twin (a shared root charge, SL:borrowing §4) beside a borrow through a `&var self` accessor with no twin (an exclusive charge, §3) conflicts, in both orders, through a `!` head and beside a plain `&root` (§2.2)
errors/two_exclusive_only_windows_conflict.saw	manual	re-aimed: now tests that two read-only `borrow` arguments through an accessor declared `&var self` charge the root exclusively twice and conflict (SL:borrowing §2.2, §3)
errors/place_window_beside_var_root.saw	manual	re-aimed: the accessor now declares `(&var self) borrows -> &var Int` (use-site mode inference is retired, SL:borrowing §3); still tests one `borrow var` argument beside a `&var` of its root in the same call
place_window_exclusivity.saw	manual	re-aimed: the accessor now declares `(&var self) borrows -> &var Int` (use-site mode inference is retired, SL:borrowing §3); still tests two `borrow var` arguments of one root in one call
errors/mutex_lock_suspend.saw	manual	re-aimed: now tests that a suspension inside a `Mutex.lock()` borrow is refused because the accessor is `borrows(sync)` (SL:borrowing §2.5, §8), replacing the retired `sync` closure form
errors/mutex_guarded_for_suspends.saw	manual	re-aimed: now tests that a suspension in a `for` inside a `Mutex.lock()` borrow is refused because the accessor is `borrows(sync)` (SL:borrowing §2.5, §8), replacing the retired `sync` closure form
errors/spinlock_suspending_body.saw	manual	re-aimed: now tests that a suspension inside a `SpinLock.lock()` borrow is refused because the accessor is `borrows(sync)` (SL:borrowing §2.5, §8), replacing the retired `sync` closure form
errors/with_var_ref_invalidation.saw	manual	re-aimed: now tests that a reallocating push inside a `borrow var e = v[0]` block is refused, since the block holds `v` exclusively (SL:borrowing §3), replacing the retired `with_var_ref` closure
errors/vector_iter_requires_copy.saw	manual	re-aimed: now tests that a plain `for` over a NoCopy vector is refused because the loop copies each element (SL:borrowing §2.6); `iter()` itself no longer carries a Copy bound
errors/lend_accessor_param.saw	manual	migrated: the stores spell `borrow var` (SL:borrowing §2.2); the pinned declaration refusal is unchanged
lend_accessor_local.saw	manual	migrated: the store spells `borrow var` (SL:borrowing §2.2); the pinned declaration refusal is unchanged
errors/nomove_bound_value_into_argument.saw	manual	migrated: the read through `Box.value` spells `borrow` (SL:borrowing §2.2)
errors/place_window_data_corruption.saw	manual	migrated: the place arguments spell `borrow var` (SL:borrowing §2.2)
errors/place_window_through_a_forced_lend_charges_its_root.saw	manual	migrated: the place arguments spell `borrow var` (SL:borrowing §2.2)
errors/spinlock_needs_atomics.saw	manual	migrated: `SpinLock.lock { }` becomes a `borrow var` block over `lock()` (SL:borrowing §9)
spinlock_import_gate.saw	manual	migrated: `SpinLock.lock { }` becomes a `borrow var` block over `lock()` (SL:borrowing §9)
errors/window_conflicts.saw	manual	migrated: the `with_var_ref` row is a `borrow var` of an element (SL:borrowing §9)
conformance/M22_place_write_let_root.saw	manual	re-aimed: a write through a `&var self` accessor charges its root exclusively, so a `let` root refuses it (SL:borrowing §3); the read goes through a declared `@synthesize(shared)` twin (§4) instead of use-site inference
conformance/M35_var_self_place_window_write.saw	manual	re-aimed: the `&self` method's read of the inline field goes through a declared `@synthesize(shared)` twin (SL:borrowing §4) instead of use-site inference; the `&var self` write is unchanged
errors/lend_var_write_needs_var_root.saw	manual	re-aimed: the `#lend_var` accessor becomes a hand-written shared/exclusive pair (SL:borrowing §4); the setitem derived from the exclusive one charges a `let` root exclusively and is refused (§3, §5.2), while the getitem from the shared one reads it
errors/place_nested_window_let_root.saw	manual	re-aimed: a nested `borrow var` chain charges its root exclusively, so a `let` root refuses it (SL:borrowing §2.2, §3); the read goes through declared `@synthesize(shared)` twins instead of use-site inference
place_conditional_lend_uses.saw	manual	re-aimed: the conditional lend `get` declares its shared twin (SL:borrowing §4), so reads are `borrow` and the write `borrow var`; whole reads are optional copies (§2.2); the epilogue accessor `tracked` stays exclusive-only
place_cross_module_same_name_type.saw	manual	migrated: reads through the dependency's `&var self` accessors are spelled `borrow` and charge the `var` root exclusively for one statement (SL:borrowing §3), which changes no outcome; the test is about type identity
place_shared_accessor_flavors.saw	manual	re-aimed: one `&var self` accessor with `@synthesize(shared)` serves both borrow flavors (SL:borrowing §4), replacing use-site inference; a `let` root reads through the shared twin
place_shared_window_readonly.saw	manual	re-aimed: reads, nested and on a `let` root, go through declared `@synthesize(shared)` twins (SL:borrowing §4) instead of use-site inference; the write says `borrow var`
place_use_sites.saw	manual	re-aimed: the accessors declare their shared twins (SL:borrowing §4), so `borrow` reads and `borrow var` writes; the epilogue accessor `counted` has none and charges its root exclusively (§3)
place_window_root_read_in_assignment_rhs.saw	manual	migrated: the read through the `&var self` accessor is spelled `borrow` and charges the root exclusively for one statement (SL:borrowing §3); the right side still runs before the target's borrow opens (§2.2)
ref_return_alternatives.saw	manual	re-aimed: the lending answer declares its shared twin with `@synthesize(shared)` (SL:borrowing §4) instead of letting the use site pick the mode
conformance/M31_shared_self_place_window_write.saw	manual	migrated: the refusal is live (`&self` is read-only all the way down, SL:borrowing §9); the named-accessor writes are spelled `borrow var`, and `Grid.[]` declares its `@synthesize(shared)` twin (§4) so the control read and the getitem halves go through a declared mode
conformance/M32_shared_self_place_window_heap_field.saw	manual	re-aimed, language changed: a write through heap indirection from a `&self` method is refused (SL:borrowing §9 retires design 200's carve-out and names M28 and M32 as refusals); `widen` is row M28's shape
shared_self_field_call_exemption.saw	manual	re-aimed: section 3 reads through indirection at `&self` and writes at `&var self` (SL:borrowing §9); the M28 refusal moves to conformance/M32_shared_self_place_window_heap_field.saw
conformance/M33_borrows_body_prologue_place_write.saw	manual	re-aimed, language changed: a place write in the prologue of a `&self` borrows body is refused (SL:borrowing §9); the read goes through a declared `@synthesize(shared)` twin (§4)
errors/exclusive_window_in_a_shared_lend_accessor.saw	manual	re-aimed: an exclusive borrow through `self` inside a `&self` accessor body is refused at the declaration (SL:borrowing §3, §9), not at a use site on a `let` root
map_get_is_a_place.saw	manual	re-aimed: `Map.get` is the optional copy and `Map.find` the conditional lend (SL:borrowing §2.4, §5.1, §9.1 K14); writes and the move-only value go through `find`, Copy reads and presence tests through `get`. The file name keeps the retired claim; the paths pair with examples/
place_read_retains_owning.saw	manual	migrated: `Vector.get` is the optional copy (SL:borrowing §9.1 K14), the retain this file's oracle reads; only the header's place wording changes
place_rendering_operand_is_a_borrow.saw	manual	migrated: the forced read of a move-only element goes through the conditional lend `Vector.find` (SL:borrowing §2.4), since `get` returns a copy (§9.1 K14)
conformance/T18_map_forced_absent_key.saw	manual	re-aimed: `m[k]` is getitem and panics on an absent key (SL:borrowing §5.1); `Map.[]` returns no optional (§9). The std panic message is dropped, since no governing text quotes one (SL:testing §4: a std message is never a test's key)
place_two_windows_one_nocopy_root.saw	manual	migrated: reads through `&var self` accessors are `borrow`, sequenced by the right-side-first rule (SL:borrowing §2.2); the forced Map store is the statement form `borrow var m["a"] = …`, which keeps the order and the absent-key panic (§2.2, §5.1)
json_value_accessors.saw	manual	migrated: presence tests inside a chain become a `find` block (Vector) or `contains_key` (Map) reached through the lent value (SL:borrowing §9.1 K8)
mutex_counter.saw	manual	migrated: a false positive, since the header's closures are the Thread.spawn bodies; each Mutex.lock closure is a `borrow var c = shared.lock() { }` block (SL:borrowing §9)
mutex_basic.saw	manual	re-aimed: now tests `Mutex.lock()` lending `&var T` to a `borrow var` block whose value is its tail (SL:borrowing §2.1, §8, §9)
mutex_lock_result.saw	manual	re-aimed: now tests that a `borrow var` block over `Mutex.lock()` yields its tail's value (Int, Bool, String) or nothing, directly and through the Arc forward (SL:borrowing §2.1, §9)
sync_mutex_pure_closure.saw	manual	re-aimed: now tests that a block over the `borrows(sync)` `Mutex.lock()` accepts a body calling suspension-free helpers (SL:borrowing §2.5, §8)
capture_write_allowed_forms.saw	manual	migrated: the header's closures are user closures (design 132), which stay (SL:borrowing §9); only the Mutex.lock closure inside one becomes a lock() block
conformance/K13_mt_sum_under_mutex.saw	manual	re-aimed: the lock body is a `borrow var` block over the `borrows(sync)` `Mutex.lock()` that reads a driven function's frame local (SL:borrowing §2.1, §8)
conformance/V71_borrowed_closure_binding_fence_is_narrow.saw	manual	re-aimed: the read-through-the-borrow row reads and writes through `borrow let`/`borrow var` blocks over v[0] (SL:borrowing §9); the capture and by-value parameter rows are user closures and stay
conformance/V85_closure_tail_fence_is_narrow.saw	manual	re-aimed: the place-window row is a `borrow let` block whose tail copies an Int out (SL:borrowing §2.1, §9); the other rows are user closures and stay
arc_with_unique.saw	manual	re-aimed: now tests `Arc.unique()`, the conditional lend present only at strong count 1, discriminated with `if borrow var` (SL:borrowing §2.4, §8, §9)
optional_generic_concurrency.saw	manual	re-aimed: `Arc<Int?>.unique()` and `Mutex<Int?>.lock()` lend an optional payload to `borrow var` blocks; unique()'s absence is the outer layer (SL:borrowing §2.4, §9)
optional_generic_vector.saw	manual	re-aimed: `get` is described as the optional copy it is (SL:borrowing §2.4, §9.1 K14), and the with_ref row reads the element under a `borrow let` block (§9)
ref_parameter_positions.saw	manual	re-aimed: the with_ref identity closure row is a `borrow let` block's value (SL:borrowing §2.1, §9), and the accessor read is `borrow` with its root charge declared by `&var self` (§3)
unsafe_fn_type_generic_slot.saw	manual	re-aimed: the generic callback slot is `Vector.fold`'s, a visitor API that stays (SL:borrowing §2.6); with_ref is retired (§9)
vector_with_ref.saw	manual	re-aimed: now tests the scoped element borrow as `borrow let`/`borrow var` blocks over v[i] (SL:borrowing §2.1, §9)
vector_with_ref_oob_panic.saw	manual	re-aimed: now tests that a `borrow let` block over v[99] panics in Vector's place accessor (SL:borrowing §4, §9); the panic text is §4's quoted `index {i} out of range`
vector_with_var_ref_oob_panic.saw	manual	re-aimed: now tests that a `borrow var` block over v[99] panics in Vector's place accessor (SL:borrowing §4, §9); the panic text is §4's quoted `index {i} out of range`
spinlock_no_hidden_alloc.saw	manual	migrated: the SpinLock.lock closures are lock() blocks, which build no environment (SL:borrowing §8, §9); the file still pins that SpinLock and `unsafe static var` allocate nothing
conformance/K141_mutex_guarded_for_is_sync.saw	manual	re-aimed: the `for` over the guarded collection sits in a `borrow var` block over the `borrows(sync)` `Mutex.lock()` (SL:borrowing §2.5, §2.6, §8); XFAIL SL-340 unchanged
spinlock_basic.saw	flagged	open (K10): under SL:borrowing §8 the nested `STATS.try_lock()` and `STATS.is_locked()` inside `borrow var c = STATS.lock() { }` are same-name re-entry and root touches, compile errors; §9.1 K10 moves that pin to an `@test(refuses: …)` case whose rule ID no source names, plus a runtime panic through two names for one lock, which a `static SpinLock` has no spelling for. The file cannot drop that section (the tool cannot delete lines or add a file). Decidable parts, once split: the lock closures migrate by the tool's E.lock rule, and `if let v = local.try_lock({ n in n })` becomes `if let v = borrow local.try_lock()` (the optional copy of §2.2)
closure_move_capture_transfers_when_body_runs.saw	manual	re-aimed: rows 1-3 stay the closure matrix (user closures, SL:borrowing §9); the with_ref/with_var_ref and place-window rows are `borrow` blocks and statement-form borrows whose moved values transfer when the body or call runs, the `&var self` accessors charging exclusively (§2.1, §2.2, §3)
lend_var_both_branches.saw	manual	re-aimed: an accessor whose shared and exclusive bodies differ is written as two accessors, a read runs the `&self` one and a write the `&var self` one (SL:borrowing §4, §5.2); `#lend_var` is retired (§9)
lend_var_two_specializations.saw	manual	re-aimed: two hand-written accessors replace the `#lend_var` split; a read through a `let` root or a `&Grid` runs the `&self` accessor and no gate, a write and a compound write run the exclusive one once (SL:borrowing §4, §5.1, §5.2)
conformance/K128_cow_gate_survives_the_var_self_spelling.saw	manual	re-aimed: the copy-on-write gate lives only in the `&var self` accessor and the `&self` accessor is written separately, so a read costs nothing, as `Data` does (SL:borrowing §4); `#lend_var` is retired (§9)
conformance/M34_lend_var_gated_place_write.saw	manual	re-aimed: a place write in the exclusive accessor's prologue runs only for `borrow var`; `borrow` reads pick the separately written `&self` accessor (SL:borrowing §4); `#lend_var` is retired (§9)
lend_var_epilogue_nesting.saw	manual	re-aimed: epilogues run when a borrow closes, LIFO across a nested chain (SL:borrowing §2.2); each level is a pair of accessors whose exclusive one alone has a gate and an epilogue (§4)
lend_var_coro_and_forwarding.saw	manual	re-aimed: borrows through a pair of accessors inside a coroutine body, and a forwarding pair whose `lend` reaches the inner pair at its own mode (SL:borrowing §2.5, §2.7, §4)
lend_var_generic_and_match.saw	manual	re-aimed: a generic pair of accessors, and a pair lending a match-arm payload bound with `borrow let`/`borrow var` (SL:borrowing §2.4, §4)
lend_var_conditional_lend.saw	manual	re-aimed: a pair of conditional lends; a prologue above the presence test runs on the absent path too, one below it does not (SL:borrowing §2.4, §4)
borrows_fold_preserves_lexical_scope.saw	retired	retired: it tests the frozen compiler's `#lend_var` fold (SL-333 R6: the selected branch keeps its scope, destruction order, value and tail transfer); a body never tests its lend mode any more, so there is no fold (SL:borrowing §4, §9; GRAMMAR syntax.expr.refused-lend-var); its negative twin is errors/fold_selected_tail_is_an_ownership_transfer.saw; K131 goes with it
conformance/K125_receiver_access_is_a_second_fact.saw	retired	retired: it pins SL-333 R4, a receiver access computed from the accessor's BODY (shared-eligible vs exclusive-only); modes are declared, never inferred, and the root charge follows the declaration (SL:borrowing §1, §3); the declared-mode ground is covered by the re-aimed errors/exclusive_only_accessor_on_let_root.saw (a read through a `&var self` accessor on a `let` root), K123, K128, conformance/M22 and lend_var_two_specializations.saw
errors/exclusive_only_inner_makes_the_outer_exclusive_only.saw	retired	retired with K125: it pins the PROPAGATION of the body-derived exclusive-only property (SL-333 R4); there is no such property, since every accessor here is declared `&var self` and charges its root exclusively by declaration alone (SL:borrowing §1, §3); the declaration-only refusal is errors/exclusive_only_accessor_on_let_root.saw
conformance/K129_forwarded_lend_carries_the_window_mode.saw	manual	re-aimed: a forwarded lend reaches the inner accessor at the outer accessor's declared mode, a `&self` pair reaching the inner `&self` accessor and a `&var self` one the exclusive, so a shared read of nested copy-on-write storage separates nothing (SL:borrowing §2.7, §3, §4)
conformance/M41_shared_self_indirection_carveout_spellings.saw	manual	re-aimed (language changed): a write through `&self` into storage reached through an indirection is refused at every accessor spelling, since the design-200 carve-out is retired (SL:borrowing §9)
shared_self_write_alternatives.saw	manual	re-aimed: a method that writes the receiver's heap storage declares `&var self` (the design-200 carve-out is retired, SL:borrowing §9), and an accessor with only a `&var self` flavor is read with `borrow`, charging its root exclusively (§3, §5.2)
conformance/K123_every_window_opener_reads_the_declared_mode.saw	manual	re-aimed: every borrow form reads the accessor's declared mode, the keyword is a capability on the place and the root charge follows the declaration, with no use-site narrowing (SL:borrowing §1, §3, §5.2)
place_assignment_targets.saw	flagged	open question: does `borrow var v.find(9)?.value = loud(3)` evaluate its right side when the lend is absent? The file pins "rhs not evaluated" (the old `?.` short-circuit); SL:borrowing §2.2 says an assignment's right side is evaluated before the left side's borrow opens, and K9 keeps only the `Void?` typing; the rewriter already calls this order not settled (rule C). The rest is decidable: `v.get(i)?.value = x` becomes `borrow var v.find(i)?.value = x` (§2.4, K14)
errors/exclusive_only_accessor_on_let_root.saw	manual	re-aimed: a borrow read through an accessor declared `&var self`, with no `&self` twin, charges its root exclusively, so a `let` root refuses it; the root charge follows the declaration, never the body (SL:borrowing §1, §3, §4); was K125's refused half 1
errors/forwarded_lend_inherits_exclusive_only.saw	retired	pins exclusive-only propagation through a forwarded lend, which SL:borrowing §1 and §3 retire: modes are declared, never inferred from a body; the refusal left in its place (a read through a `&var self` accessor with no `&self` twin, on a `let` root) is errors/exclusive_only_accessor_on_let_root.saw, and forwarding at the outer declared mode is K129
