claim	unit
syntax.file.source	U4a
syntax.file.list	U4a
syntax.file.item.import	U4a
syntax.file.item.module	U4a
syntax.file.item.declaration	U4a
syntax.decl.item.func	U4a
syntax.decl.visibility.public	U4a
syntax.decl.visibility.package	U4a
syntax.decl.visibility.parent	U4a
syntax.decl.import.private	U4a
syntax.decl.import.reexport	U4a
syntax.decl.import-target.module	U4a
syntax.decl.import-target.module-alias	U4a
syntax.decl.import-target.glob	U4a
syntax.decl.import-target.selective	U4a
syntax.decl.import-symbols	U4a
syntax.decl.import-symbol.name	U4a
syntax.decl.import-symbol.alias	U4a
syntax.decl.module.file	U4a
syntax.decl.module.inline	U4a
syntax.type.path	U4a
syntax.decl.func	U4a
syntax.decl.params	U4a
syntax.decl.param.plain	U4a
syntax.decl.param.default	U4a
syntax.decl.return	U4a
syntax.decl.effects	U4a
syntax.type.type.suffixed	U4a
syntax.type.atom.named	U4a
syntax.type.named	U4a
syntax.type.suffix.optional	U4a
syntax.type.suffix.double-optional	U4a
syntax.stmt.block	U4a
syntax.stmt.body	U4a
syntax.stmt.sep.semicolon	U4a
syntax.stmt.sep.newline	U4a
syntax.stmt.statement.expr	U4a
syntax.stmt.statement.other	U4a
syntax.stmt.expr	U4a
syntax.stmt.non-expr.let	U4a
syntax.stmt.non-expr.return	U4a
syntax.stmt.let.immutable	U4a
syntax.stmt.let.mutable	U4a
syntax.stmt.type-annotation	U4a
syntax.stmt.binding-name	U4a
syntax.stmt.return	U4a
syntax.expr.expr	U4a
syntax.expr.coalesce	U4a
syntax.expr.or	U4a
syntax.expr.and	U4a
syntax.expr.bitor	U4a
syntax.expr.bitxor	U4a
syntax.expr.bitand	U4a
syntax.expr.compare.pair	U4a
syntax.expr.range.closed	U4a
syntax.expr.shift	U4a
syntax.expr.additive	U4a
syntax.expr.multiplicative	U4a
syntax.expr.cast	U4a
syntax.expr.prefix.postfix	U4a
syntax.expr.postfix	U4a
syntax.expr.primary.literal	U4a
syntax.expr.primary.name	U4a
syntax.expr.primary.paren	U4a
syntax.expr.literal.int	U4a
syntax.expr.literal.float	U4a
syntax.expr.literal.string	U4a
syntax.expr.literal.bool	U4a
syntax.expr.literal.none	U4a
syntax.expr.int	U4a
syntax.expr.float	U4a
syntax.expr.string	U4a
syntax.expr.bool.true	U4a
syntax.expr.bool.false	U4a
syntax.expr.none	U4a
syntax.expr.name	U4a
syntax.expr.paren	U4a
syntax.test.refusal-unit	U4a
syntax.test.refusal-unit-item.declaration	U4a
syntax.test.refusal-unit-item.statement	U4a
syntax.rule.depth-limit	U4a
syntax.rule.import-names	U4a
syntax.rule.module-inline	U4a
syntax.lex.module-doc	U4a
syntax.decl.refused-export	U4a
syntax.decl.refused-scoped-import	U4a
syntax.stmt.refused-var-discard	U4a
syntax.stmt.refused-uninitialized	U4a
